[{"model": "admin.logentry", "pk": 1, "fields": {"action_time": "2023-12-09T20:48:31.358Z", "user": 1, "content_type": 7, "object_id": "1", "object_repr": "artshop.example.com", "action_flag": 2, "change_message": "[{\"changed\": {\"fields\": [\"Domain name\", \"Display name\"]}}]"}}, {"model": "admin.logentry", "pk": 2, "fields": {"action_time": "2023-12-09T20:57:47.515Z", "user": 1, "content_type": 8, "object_id": "1", "object_repr": "s@test.com", "action_flag": 1, "change_message": "[{\"added\": {}}]"}}, {"model": "admin.logentry", "pk": 3, "fields": {"action_time": "2023-12-10T20:57:40.952Z", "user": 1, "content_type": 13, "object_id": "1", "object_repr": "Kate Duffy", "action_flag": 1, "change_message": "[{\"added\": {}}]"}}, {"model": "admin.logentry", "pk": 4, "fields": {"action_time": "2023-12-10T20:58:20.985Z", "user": 1, "content_type": 13, "object_id": "2", "object_repr": "Joseph Finnegan", "action_flag": 1, "change_message": "[{\"added\": {}}]"}}, {"model": "admin.logentry", "pk": 5, "fields": {"action_time": "2023-12-10T20:59:08.882Z", "user": 1, "content_type": 13, "object_id": "3", "object_repr": "Olivia Clarke", "action_flag": 1, "change_message": "[{\"added\": {}}]"}}, {"model": "admin.logentry", "pk": 6, "fields": {"action_time": "2023-12-10T21:07:35.198Z", "user": 1, "content_type": 14, "object_id": "1", "object_repr": "Home", "action_flag": 1, "change_message": "[{\"added\": {}}]"}}, {"model": "admin.logentry", "pk": 7, "fields": {"action_time": "2023-12-10T21:08:25.611Z", "user": 1, "content_type": 14, "object_id": "2", "object_repr": "Away", "action_flag": 1, "change_message": "[{\"added\": {}}]"}}, {"model": "admin.logentry", "pk": 8, "fields": {"action_time": "2023-12-10T21:09:33.982Z", "user": 1, "content_type": 14, "object_id": "3", "object_repr": "A new day", "action_flag": 1, "change_message": "[{\"added\": {}}]"}}, {"model": "admin.logentry", "pk": 9, "fields": {"action_time": "2023-12-10T21:09:50.782Z", "user": 1, "content_type": 14, "object_id": "1", "object_repr": "Home", "action_flag": 2, "change_message": "[{\"changed\": {\"fields\": [\"Image\"]}}]"}}, {"model": "admin.logentry", "pk": 10, "fields": {"action_time": "2024-01-22T12:05:59.496Z", "user": 2, "content_type": 4, "object_id": "3", "object_repr": "customer1", "action_flag": 1, "change_message": "[{\"added\": {}}]"}}, {"model": "admin.logentry", "pk": 11, "fields": {"action_time": "2024-01-22T12:08:52.307Z", "user": 2, "content_type": 4, "object_id": "3", "object_repr": "customer1", "action_flag": 2, "change_message": "[{\"changed\": {\"fields\": [\"First name\", \"Last name\", \"Email address\", \"User permissions\"]}}]"}}, {"model": "admin.logentry", "pk": 12, "fields": {"action_time": "2024-01-23T20:53:26.571Z", "user": 2, "content_type": 14, "object_id": "3", "object_repr": "A New Day", "action_flag": 2, "change_message": "[{\"changed\": {\"fields\": [\"Title\", \"Description\", \"Price\"]}}]"}}, {"model": "admin.logentry", "pk": 13, "fields": {"action_time": "2024-01-23T20:53:31.267Z", "user": 2, "content_type": 14, "object_id": "3", "object_repr": "A New Day", "action_flag": 2, "change_message": "[]"}}, {"model": "admin.logentry", "pk": 14, "fields": {"action_time": "2024-01-23T20:54:27.927Z", "user": 2, "content_type": 14, "object_id": "2", "object_repr": "Away", "action_flag": 2, "change_message": "[{\"changed\": {\"fields\": [\"Description\", \"Price\"]}}]"}}, {"model": "admin.logentry", "pk": 15, "fields": {"action_time": "2024-01-23T20:55:23.810Z", "user": 2, "content_type": 14, "object_id": "1", "object_repr": "Home", "action_flag": 2, "change_message": "[{\"changed\": {\"fields\": [\"Description\"]}}]"}}, {"model": "admin.logentry", "pk": 16, "fields": {"action_time": "2024-01-23T20:55:43.245Z", "user": 2, "content_type": 14, "object_id": "1", "object_repr": "Home", "action_flag": 2, "change_message": "[{\"changed\": {\"fields\": [\"Price\"]}}]"}}, {"model": "auth.permission", "pk": 1, "fields": {"name": "Can add log entry", "content_type": 1, "codename": "add_logentry"}}, {"model": "auth.permission", "pk": 2, "fields": {"name": "Can change log entry", "content_type": 1, "codename": "change_logentry"}}, {"model": "auth.permission", "pk": 3, "fields": {"name": "Can delete log entry", "content_type": 1, "codename": "delete_logentry"}}, {"model": "auth.permission", "pk": 4, "fields": {"name": "Can view log entry", "content_type": 1, "codename": "view_logentry"}}, {"model": "auth.permission", "pk": 5, "fields": {"name": "Can add permission", "content_type": 2, "codename": "add_permission"}}, {"model": "auth.permission", "pk": 6, "fields": {"name": "Can change permission", "content_type": 2, "codename": "change_permission"}}, {"model": "auth.permission", "pk": 7, "fields": {"name": "Can delete permission", "content_type": 2, "codename": "delete_permission"}}, {"model": "auth.permission", "pk": 8, "fields": {"name": "Can view permission", "content_type": 2, "codename": "view_permission"}}, {"model": "auth.permission", "pk": 9, "fields": {"name": "Can add group", "content_type": 3, "codename": "add_group"}}, {"model": "auth.permission", "pk": 10, "fields": {"name": "Can change group", "content_type": 3, "codename": "change_group"}}, {"model": "auth.permission", "pk": 11, "fields": {"name": "Can delete group", "content_type": 3, "codename": "delete_group"}}, {"model": "auth.permission", "pk": 12, "fields": {"name": "Can view group", "content_type": 3, "codename": "view_group"}}, {"model": "auth.permission", "pk": 13, "fields": {"name": "Can add user", "content_type": 4, "codename": "add_user"}}, {"model": "auth.permission", "pk": 14, "fields": {"name": "Can change user", "content_type": 4, "codename": "change_user"}}, {"model": "auth.permission", "pk": 15, "fields": {"name": "Can delete user", "content_type": 4, "codename": "delete_user"}}, {"model": "auth.permission", "pk": 16, "fields": {"name": "Can view user", "content_type": 4, "codename": "view_user"}}, {"model": "auth.permission", "pk": 17, "fields": {"name": "Can add content type", "content_type": 5, "codename": "add_contenttype"}}, {"model": "auth.permission", "pk": 18, "fields": {"name": "Can change content type", "content_type": 5, "codename": "change_contenttype"}}, {"model": "auth.permission", "pk": 19, "fields": {"name": "Can delete content type", "content_type": 5, "codename": "delete_contenttype"}}, {"model": "auth.permission", "pk": 20, "fields": {"name": "Can view content type", "content_type": 5, "codename": "view_contenttype"}}, {"model": "auth.permission", "pk": 21, "fields": {"name": "Can add session", "content_type": 6, "codename": "add_session"}}, {"model": "auth.permission", "pk": 22, "fields": {"name": "Can change session", "content_type": 6, "codename": "change_session"}}, {"model": "auth.permission", "pk": 23, "fields": {"name": "Can delete session", "content_type": 6, "codename": "delete_session"}}, {"model": "auth.permission", "pk": 24, "fields": {"name": "Can view session", "content_type": 6, "codename": "view_session"}}, {"model": "auth.permission", "pk": 25, "fields": {"name": "Can add site", "content_type": 7, "codename": "add_site"}}, {"model": "auth.permission", "pk": 26, "fields": {"name": "Can change site", "content_type": 7, "codename": "change_site"}}, {"model": "auth.permission", "pk": 27, "fields": {"name": "Can delete site", "content_type": 7, "codename": "delete_site"}}, {"model": "auth.permission", "pk": 28, "fields": {"name": "Can view site", "content_type": 7, "codename": "view_site"}}, {"model": "auth.permission", "pk": 29, "fields": {"name": "Can add email address", "content_type": 8, "codename": "add_emailaddress"}}, {"model": "auth.permission", "pk": 30, "fields": {"name": "Can change email address", "content_type": 8, "codename": "change_emailaddress"}}, {"model": "auth.permission", "pk": 31, "fields": {"name": "Can delete email address", "content_type": 8, "codename": "delete_emailaddress"}}, {"model": "auth.permission", "pk": 32, "fields": {"name": "Can view email address", "content_type": 8, "codename": "view_emailaddress"}}, {"model": "auth.permission", "pk": 33, "fields": {"name": "Can add email confirmation", "content_type": 9, "codename": "add_emailconfirmation"}}, {"model": "auth.permission", "pk": 34, "fields": {"name": "Can change email confirmation", "content_type": 9, "codename": "change_emailconfirmation"}}, {"model": "auth.permission", "pk": 35, "fields": {"name": "Can delete email confirmation", "content_type": 9, "codename": "delete_emailconfirmation"}}, {"model": "auth.permission", "pk": 36, "fields": {"name": "Can view email confirmation", "content_type": 9, "codename": "view_emailconfirmation"}}, {"model": "auth.permission", "pk": 37, "fields": {"name": "Can add social account", "content_type": 10, "codename": "add_socialaccount"}}, {"model": "auth.permission", "pk": 38, "fields": {"name": "Can change social account", "content_type": 10, "codename": "change_socialaccount"}}, {"model": "auth.permission", "pk": 39, "fields": {"name": "Can delete social account", "content_type": 10, "codename": "delete_socialaccount"}}, {"model": "auth.permission", "pk": 40, "fields": {"name": "Can view social account", "content_type": 10, "codename": "view_socialaccount"}}, {"model": "auth.permission", "pk": 41, "fields": {"name": "Can add social application", "content_type": 11, "codename": "add_socialapp"}}, {"model": "auth.permission", "pk": 42, "fields": {"name": "Can change social application", "content_type": 11, "codename": "change_socialapp"}}, {"model": "auth.permission", "pk": 43, "fields": {"name": "Can delete social application", "content_type": 11, "codename": "delete_socialapp"}}, {"model": "auth.permission", "pk": 44, "fields": {"name": "Can view social application", "content_type": 11, "codename": "view_socialapp"}}, {"model": "auth.permission", "pk": 45, "fields": {"name": "Can add social application token", "content_type": 12, "codename": "add_socialtoken"}}, {"model": "auth.permission", "pk": 46, "fields": {"name": "Can change social application token", "content_type": 12, "codename": "change_socialtoken"}}, {"model": "auth.permission", "pk": 47, "fields": {"name": "Can delete social application token", "content_type": 12, "codename": "delete_socialtoken"}}, {"model": "auth.permission", "pk": 48, "fields": {"name": "Can view social application token", "content_type": 12, "codename": "view_socialtoken"}}, {"model": "auth.permission", "pk": 49, "fields": {"name": "Can add artist", "content_type": 13, "codename": "add_artist"}}, {"model": "auth.permission", "pk": 50, "fields": {"name": "Can change artist", "content_type": 13, "codename": "change_artist"}}, {"model": "auth.permission", "pk": 51, "fields": {"name": "Can delete artist", "content_type": 13, "codename": "delete_artist"}}, {"model": "auth.permission", "pk": 52, "fields": {"name": "Can view artist", "content_type": 13, "codename": "view_artist"}}, {"model": "auth.permission", "pk": 53, "fields": {"name": "Can add artwork", "content_type": 14, "codename": "add_artwork"}}, {"model": "auth.permission", "pk": 54, "fields": {"name": "Can change artwork", "content_type": 14, "codename": "change_artwork"}}, {"model": "auth.permission", "pk": 55, "fields": {"name": "Can delete artwork", "content_type": 14, "codename": "delete_artwork"}}, {"model": "auth.permission", "pk": 56, "fields": {"name": "Can view artwork", "content_type": 14, "codename": "view_artwork"}}, {"model": "auth.permission", "pk": 57, "fields": {"name": "Can add order", "content_type": 15, "codename": "add_order"}}, {"model": "auth.permission", "pk": 58, "fields": {"name": "Can change order", "content_type": 15, "codename": "change_order"}}, {"model": "auth.permission", "pk": 59, "fields": {"name": "Can delete order", "content_type": 15, "codename": "delete_order"}}, {"model": "auth.permission", "pk": 60, "fields": {"name": "Can view order", "content_type": 15, "codename": "view_order"}}, {"model": "auth.permission", "pk": 61, "fields": {"name": "Can add order item", "content_type": 16, "codename": "add_orderitem"}}, {"model": "auth.permission", "pk": 62, "fields": {"name": "Can change order item", "content_type": 16, "codename": "change_orderitem"}}, {"model": "auth.permission", "pk": 63, "fields": {"name": "Can delete order item", "content_type": 16, "codename": "delete_orderitem"}}, {"model": "auth.permission", "pk": 64, "fields": {"name": "Can view order item", "content_type": 16, "codename": "view_orderitem"}}, {"model": "auth.permission", "pk": 65, "fields": {"name": "Can add user profile", "content_type": 17, "codename": "add_userprofile"}}, {"model": "auth.permission", "pk": 66, "fields": {"name": "Can change user profile", "content_type": 17, "codename": "change_userprofile"}}, {"model": "auth.permission", "pk": 67, "fields": {"name": "Can delete user profile", "content_type": 17, "codename": "delete_userprofile"}}, {"model": "auth.permission", "pk": 68, "fields": {"name": "Can view user profile", "content_type": 17, "codename": "view_userprofile"}}, {"model": "auth.user", "pk": 1, "fields": {"password": "pbkdf2_sha256$260000$533mx53KS1fRk3rZyHbgoG$IZOTEqL0pXp8WKWbZRwg23mfhJHJ/mSxaGV75kKuVjo=", "last_login": "2024-01-22T11:46:07.722Z", "is_superuser": true, "username": "sphillips", "first_name": "", "last_name": "", "email": "", "is_staff": true, "is_active": true, "date_joined": "2023-12-09T20:06:09.081Z", "groups": [], "user_permissions": []}}, {"model": "auth.user", "pk": 2, "fields": {"password": "pbkdf2_sha256$260000$8G5E0qf8fvsYYoXEnUFTKT$VkRgQGBpuhuwfsnrfsSFRezrvc/MnQH7UDWlHFKpmY8=", "last_login": "2024-01-23T20:49:24.058Z", "is_superuser": true, "username": "user2", "first_name": "", "last_name": "", "email": "", "is_staff": true, "is_active": true, "date_joined": "2024-01-22T11:51:27.002Z", "groups": [], "user_permissions": []}}, {"model": "auth.user", "pk": 3, "fields": {"password": "pbkdf2_sha256$260000$PfT7wI7IQa05XJ8ip49QBM$uWiQSYjBxh7+nZjgAi+Tb8ufXpAMQ9YD0emJfwhGlSg=", "last_login": null, "is_superuser": false, "username": "customer1", "first_name": "Jo", "last_name": "March", "email": "customer1@example.com", "is_staff": false, "is_active": true, "date_joined": "2024-01-22T12:05:59Z", "groups": [], "user_permissions": [29, 30, 31, 32, 33, 34, 35, 36, 57, 58, 59, 60, 61, 62, 63, 64]}}, {"model": "auth.user", "pk": 4, "fields": {"password": "pbkdf2_sha256$260000$RjsymfahCdwFrnxXbj8ySa$3sXFL8s61QkNTnVr6XveL0zpeIQvEmHvtw7Tdd2vVNc=", "last_login": "2024-01-22T19:59:49.759Z", "is_superuser": false, "username": "customer2", "first_name": "", "last_name": "", "email": "parewe4640@ikuromi.com", "is_staff": false, "is_active": true, "date_joined": "2024-01-22T12:18:12.259Z", "groups": [], "user_permissions": []}}, {"model": "contenttypes.contenttype", "pk": 1, "fields": {"app_label": "admin", "model": "logentry"}}, {"model": "contenttypes.contenttype", "pk": 2, "fields": {"app_label": "auth", "model": "permission"}}, {"model": "contenttypes.contenttype", "pk": 3, "fields": {"app_label": "auth", "model": "group"}}, {"model": "contenttypes.contenttype", "pk": 4, "fields": {"app_label": "auth", "model": "user"}}, {"model": "contenttypes.contenttype", "pk": 5, "fields": {"app_label": "contenttypes", "model": "contenttype"}}, {"model": "contenttypes.contenttype", "pk": 6, "fields": {"app_label": "sessions", "model": "session"}}, {"model": "contenttypes.contenttype", "pk": 7, "fields": {"app_label": "sites", "model": "site"}}, {"model": "contenttypes.contenttype", "pk": 8, "fields": {"app_label": "account", "model": "emailaddress"}}, {"model": "contenttypes.contenttype", "pk": 9, "fields": {"app_label": "account", "model": "emailconfirmation"}}, {"model": "contenttypes.contenttype", "pk": 10, "fields": {"app_label": "socialaccount", "model": "socialaccount"}}, {"model": "contenttypes.contenttype", "pk": 11, "fields": {"app_label": "socialaccount", "model": "socialapp"}}, {"model": "contenttypes.contenttype", "pk": 12, "fields": {"app_label": "socialaccount", "model": "socialtoken"}}, {"model": "contenttypes.contenttype", "pk": 13, "fields": {"app_label": "products", "model": "artist"}}, {"model": "contenttypes.contenttype", "pk": 14, "fields": {"app_label": "products", "model": "artwork"}}, {"model": "contenttypes.contenttype", "pk": 15, "fields": {"app_label": "checkout", "model": "order"}}, {"model": "contenttypes.contenttype", "pk": 16, "fields": {"app_label": "checkout", "model": "orderitem"}}, {"model": "contenttypes.contenttype", "pk": 17, "fields": {"app_label": "profiles", "model": "userprofile"}}, {"model": "sessions.session", "pk": "2qwcxxf1bvs6d3h2guhfmscxl5hob69k", "fields": {"session_data": "e30:1rRZXh:aBq62qW0226GkL0MW7T2Jn6wHfxECEkj3O-PlxLhjJU", "expire_date": "2024-02-04T15:15:25.374Z"}}, {"model": "sessions.session", "pk": "31h23ttarb863bjpjvvrh2etzyhxnilq", "fields": {"session_data": "eyJzYXZlX2luZm8iOmZhbHNlfQ:1rDo0H:ASj_BA6Q0Fp6DagEAfdctLrqLJCo78R3e6zorQZE6bw", "expire_date": "2023-12-28T15:52:01.286Z"}}, {"model": "sessions.session", "pk": "68h497sqxzyjamjgy7iky1fa0v132u4t", "fields": {"session_data": "e30:1rRsVV:z1dk4gRNjtM3tV7HyabNECaL6GppK3K5dpaJRqvEOtI", "expire_date": "2024-02-05T11:30:25.073Z"}}, {"model": "sessions.session", "pk": "70d335moe85agl07usn8e9ig6z62v3p2", "fields": {"session_data": ".eJxVjEEOwiAQRe_C2pC2QChduvcMZJgZLGrAQJtojHfXJl3o9r_330t4WJfZr42rTyQm0YvD7xYAr5w3QBfI5yKx5KWmIDdF7rTJUyG-HXf3LzBDm79vhWh6bcm5iMpExWSdJQjgIqguRNOZSHYYRiCt7YgxkEYLmtlRr43Zoo1bSyV7ftxTfYqpe38AwKJAEg:1rC4PB:3YDIsvzUQnY4LECz4POCKWX5jN9XZhLCZRaA6aXAp_k", "expire_date": "2023-12-23T20:58:33.455Z"}}, {"model": "sessions.session", "pk": "82zjswwhzpjhg8kjptsuy3nnuiymhj89", "fields": {"session_data": "eyJiYXNrZXQiOnsiMiI6MSwiMyI6MX19:1rDuJD:stJInt_xx_ezjXCHOzkEP88gzSJTQqL_UB7e3rm2rco", "expire_date": "2023-12-28T22:35:59.903Z"}}, {"model": "sessions.session", "pk": "fue8bolp7d1dyy5eyduochzqv0z41rrf", "fields": {"session_data": ".eJxVjDsOwjAQRO_iGln-O6akzxmstb2LA8iR4qRC3J1ESgHNFPPezJtF2NYat45LnAq7MsUuv12C_MR2gPKAdp95ntu6TIkfCj9p5-Nc8HU73b-DCr3ua19MNk5nsA4lBjt4CwMZY43QgZzyJekkHXlKwSmZZEYSRu1BXpDV7PMF12E3sA:1rSNo7:zMfZHfgytNaaxUhI-GPqvFQNOwjcve3rxfdEn-qttvs", "expire_date": "2024-02-06T20:55:43.342Z"}}, {"model": "sessions.session", "pk": "hq68f83tdqx7bhzforf1olltcxrklc95", "fields": {"session_data": "e30:1rRZdE:IZ26wtDempJl0Hw9LvBTpXid78JS_222ZMfHBQjNLQw", "expire_date": "2024-02-04T15:21:08.898Z"}}, {"model": "sessions.session", "pk": "jzm5w657ok91yojmcodc41td98amqrm5", "fields": {"session_data": "e30:1rRskh:OPAINaa_iGAU1TdX-yOhCxyKMG_h1KNhCSA8v8jfyU4", "expire_date": "2024-02-05T11:46:07.719Z"}}, {"model": "sessions.session", "pk": "rh4frksfygg0rdcidn9xfl593jdjx4ri", "fields": {"session_data": "eyJiYXNrZXQiOnsiMyI6MSwiMiI6MSwiMSI6MX19:1rRW7o:fuc17Oir-mCqcA2LWrkBa55UPFQ0_HyArAbaHEobho4", "expire_date": "2024-02-04T11:36:28.871Z"}}, {"model": "sessions.session", "pk": "y0qm2a0jg8kw0l0pqtz77fa71parf4pd", "fields": {"session_data": ".eJyrVkpKLM5OLVGyqlYyUrIy1FEyBpOGcLK2FgCzjQjw:1rDAcw:hi_ej5_83ttkCgD5IoJhWFHd4Ugq1nNubKni7pDMQag", "expire_date": "2023-12-26T21:49:18.970Z"}}, {"model": "sites.site", "pk": 1, "fields": {"domain": "artshop.example.com", "name": "Art Shop"}}, {"model": "account.emailaddress", "pk": 1, "fields": {"user": 1, "email": "s@test.com", "verified": true, "primary": true}}, {"model": "account.emailaddress", "pk": 2, "fields": {"user": 3, "email": "customer1@example.com", "verified": false, "primary": false}}, {"model": "account.emailaddress", "pk": 3, "fields": {"user": 4, "email": "parewe4640@ikuromi.com", "verified": true, "primary": true}}, {"model": "products.artwork", "pk": 1, "fields": {"title": "Home", "artist": 2, "description": "This limited edition print by Joseph Finnegan measures 12\" x 16\" and arrives mounted and ready to be framed. The original is acrylic and spray paint.", "price": "35.00", "image": "dan-farrell-fT49QnFucQ8-unsplash.jpg", "image_url": null, "main_media": "paint, spray-paint"}}, {"model": "products.artwork", "pk": 2, "fields": {"title": "Away", "artist": 1, "description": "This limited edition print by Kate Duffy measures 12\" x 16\" and arrives mounted and ready to be framed. The original is oil paint on canvas.", "price": "50.00", "image": "pexels-steven-hylands-1650919.jpg", "image_url": null, "main_media": "oil paint"}}, {"model": "products.artwork", "pk": 3, "fields": {"title": "A New Day", "artist": 3, "description": "This limited edition print by Olivia Clarke measures 10\" x 12\" and arrives mounted and ready to be framed. The original is ink and watercolor.", "price": "32.00", "image": "claudio-schwarz-k39RGHmLoV8-unsplash.jpg", "image_url": null, "main_media": "ink, watercolor"}}, {"model": "products.artist", "pk": 1, "fields": {"full_name": "Kate Duffy", "about_artist": "blurb here."}}, {"model": "products.artist", "pk": 2, "fields": {"full_name": "Joseph Finnegan", "about_artist": "More blurb here"}}, {"model": "products.artist", "pk": 3, "fields": {"full_name": "Olivia Clarke", "about_artist": "blurb here"}}, {"model": "checkout.order", "pk": 1, "fields": {"order_number": "5934E230A4774C7D8F02E83E1E6F6F1C", "full_name": "d", "user_profile": null, "email": "s@test.com", "phone_number": "3", "country": "IE", "town_or_city": "d", "street_address1": "d", "street_address2": "d", "postcode": "s", "county": "s", "date": "2023-12-13T19:38:36.840Z", "delivery_cost": "20.00", "order_total": "0.00", "grand_total": "0.00"}}, {"model": "checkout.order", "pk": 2, "fields": {"order_number": "1B1DAF90E22B4D6992871F7F347CA6B0", "full_name": "d", "user_profile": null, "email": "s@test.com", "phone_number": "3", "country": "IE", "town_or_city": "d", "street_address1": "d", "street_address2": "d", "postcode": "s", "county": "s", "date": "2023-12-13T19:54:13.889Z", "delivery_cost": "20.00", "order_total": "0.00", "grand_total": "0.00"}}, {"model": "checkout.order", "pk": 3, "fields": {"order_number": "1698FE6259C04B8F931C6FBCCE806A0B", "full_name": "d", "user_profile": null, "email": "s@test.com", "phone_number": "3", "country": "IE", "town_or_city": "d", "street_address1": "d", "street_address2": "d", "postcode": "s", "county": "s", "date": "2023-12-13T19:59:26.428Z", "delivery_cost": "20.00", "order_total": "0.00", "grand_total": "0.00"}}, {"model": "checkout.order", "pk": 4, "fields": {"order_number": "F2A5134F15FA4D24A38147DEAA384CC8", "full_name": "d", "user_profile": null, "email": "s@test.com", "phone_number": "3", "country": "IE", "town_or_city": "d", "street_address1": "d", "street_address2": "d", "postcode": "s", "county": "s", "date": "2023-12-13T20:06:32.404Z", "delivery_cost": "20.00", "order_total": "0.00", "grand_total": "0.00"}}, {"model": "checkout.order", "pk": 5, "fields": {"order_number": "B4635A80E46144D78F6AC1B2223E6846", "full_name": "d", "user_profile": null, "email": "s@test.com", "phone_number": "3", "country": "IE", "town_or_city": "d", "street_address1": "d", "street_address2": "d", "postcode": "s", "county": "s", "date": "2023-12-13T20:06:38.293Z", "delivery_cost": "20.00", "order_total": "0.00", "grand_total": "0.00"}}, {"model": "checkout.order", "pk": 6, "fields": {"order_number": "DAF0C3E866854808BE5E21B1F913C5E1", "full_name": "d", "user_profile": null, "email": "s@test.com", "phone_number": "3", "country": "IE", "town_or_city": "d", "street_address1": "d", "street_address2": "d", "postcode": "s", "county": "s", "date": "2023-12-13T20:23:58.415Z", "delivery_cost": "20.00", "order_total": "0.00", "grand_total": "0.00"}}, {"model": "checkout.order", "pk": 7, "fields": {"order_number": "F4EA6804AACD45A999378A736523E915", "full_name": "d", "user_profile": null, "email": "s@test.com", "phone_number": "3", "country": "IE", "town_or_city": "d", "street_address1": "d", "street_address2": "d", "postcode": "s", "county": "s", "date": "2023-12-13T20:25:43.842Z", "delivery_cost": "20.00", "order_total": "3.00", "grand_total": "23.00"}}, {"model": "checkout.order", "pk": 8, "fields": {"order_number": "5F92F36A73DD4FCAA61B4B281CFFB96F", "full_name": "s", "user_profile": null, "email": "3@test.com", "phone_number": "3", "country": "IE", "town_or_city": "d", "street_address1": "d", "street_address2": "d", "postcode": "d", "county": "k", "date": "2023-12-13T20:58:51.016Z", "delivery_cost": "20.00", "order_total": "1.00", "grand_total": "21.00"}}, {"model": "checkout.order", "pk": 9, "fields": {"order_number": "31A64D1F1F6E410585805B91A69AE9E0", "full_name": "2", "user_profile": null, "email": "w@test.com", "phone_number": "3", "country": "IE", "town_or_city": "dd", "street_address1": "d", "street_address2": "dd", "postcode": "d3", "county": "d", "date": "2023-12-13T21:48:38.956Z", "delivery_cost": "20.00", "order_total": "1.00", "grand_total": "21.00"}}, {"model": "checkout.order", "pk": 10, "fields": {"order_number": "0EB9BDF7B3AB43449B0F1B3D1A6167F4", "full_name": "e", "user_profile": null, "email": "e@test.com", "phone_number": "3", "country": "IE", "town_or_city": "d", "street_address1": "d", "street_address2": "d", "postcode": "d", "county": "d", "date": "2023-12-13T21:56:13.910Z", "delivery_cost": "20.00", "order_total": "1.00", "grand_total": "21.00"}}, {"model": "checkout.order", "pk": 11, "fields": {"order_number": "331DEE47AED54A9486FCCB76C2E8D9BA", "full_name": "w", "user_profile": null, "email": "d@test.com", "phone_number": "3", "country": "IE", "town_or_city": "s", "street_address1": "d", "street_address2": "d", "postcode": "d", "county": "s", "date": "2023-12-13T21:59:56.405Z", "delivery_cost": "20.00", "order_total": "1.00", "grand_total": "21.00"}}, {"model": "checkout.order", "pk": 12, "fields": {"order_number": "82E30AE7ECCD47F9B9E4258AD5B6A844", "full_name": "w", "user_profile": null, "email": "w@test.com", "phone_number": "293", "country": "IE", "town_or_city": "e", "street_address1": "e", "street_address2": "e", "postcode": "flskhg", "county": "e", "date": "2023-12-14T13:10:59.716Z", "delivery_cost": "20.00", "order_total": "1.00", "grand_total": "21.00"}}, {"model": "checkout.order", "pk": 13, "fields": {"order_number": "396358FED9914743B6627C24AF16ED4F", "full_name": "d", "user_profile": null, "email": "s@test.com", "phone_number": "237", "country": "AW", "town_or_city": "s", "street_address1": "s", "street_address2": "d", "postcode": "lshaohgai", "county": "s", "date": "2023-12-14T15:38:17.823Z", "delivery_cost": "20.00", "order_total": "1.00", "grand_total": "21.00"}}, {"model": "checkout.order", "pk": 14, "fields": {"order_number": "95FC2CCF6BD94424966EC8EE0436F90C", "full_name": "Liam", "user_profile": 3, "email": "parewe4640@ikuromi.com", "phone_number": "123456667", "country": "AG", "town_or_city": "City", "street_address1": "Joe St", "street_address2": "Town", "postcode": "123456", "county": null, "date": "2024-01-22T22:35:16.839Z", "delivery_cost": "20.00", "order_total": "1.00", "grand_total": "21.00"}}, {"model": "checkout.order", "pk": 15, "fields": {"order_number": "A9EB3DADE8374FE0AE000EAF2F0B8D0D", "full_name": "Joe H", "user_profile": null, "email": "joe@example.com", "phone_number": "25269070760", "country": "AI", "town_or_city": "city", "street_address1": "1 iaj", "street_address2": "tiw", "postcode": "92836592", "county": null, "date": "2024-01-22T23:30:21.973Z", "delivery_cost": "20.00", "order_total": "1.00", "grand_total": "21.00"}}, {"model": "checkout.orderitem", "pk": 1, "fields": {"order": 1, "artwork": 2, "lineitem_total": "1.00"}}, {"model": "checkout.orderitem", "pk": 2, "fields": {"order": 2, "artwork": 2, "lineitem_total": "1.00"}}, {"model": "checkout.orderitem", "pk": 3, "fields": {"order": 4, "artwork": 2, "lineitem_total": "1.00"}}, {"model": "checkout.orderitem", "pk": 4, "fields": {"order": 5, "artwork": 2, "lineitem_total": "1.00"}}, {"model": "checkout.orderitem", "pk": 5, "fields": {"order": 6, "artwork": 2, "lineitem_total": "1.00"}}, {"model": "checkout.orderitem", "pk": 6, "fields": {"order": 7, "artwork": 2, "lineitem_total": "1.00"}}, {"model": "checkout.orderitem", "pk": 7, "fields": {"order": 7, "artwork": 3, "lineitem_total": "1.00"}}, {"model": "checkout.orderitem", "pk": 8, "fields": {"order": 7, "artwork": 1, "lineitem_total": "1.00"}}, {"model": "checkout.orderitem", "pk": 9, "fields": {"order": 8, "artwork": 1, "lineitem_total": "1.00"}}, {"model": "checkout.orderitem", "pk": 10, "fields": {"order": 9, "artwork": 3, "lineitem_total": "1.00"}}, {"model": "checkout.orderitem", "pk": 11, "fields": {"order": 10, "artwork": 3, "lineitem_total": "1.00"}}, {"model": "checkout.orderitem", "pk": 12, "fields": {"order": 11, "artwork": 2, "lineitem_total": "1.00"}}, {"model": "checkout.orderitem", "pk": 13, "fields": {"order": 12, "artwork": 2, "lineitem_total": "1.00"}}, {"model": "checkout.orderitem", "pk": 14, "fields": {"order": 13, "artwork": 2, "lineitem_total": "1.00"}}, {"model": "checkout.orderitem", "pk": 15, "fields": {"order": 14, "artwork": 1, "lineitem_total": "1.00"}}, {"model": "checkout.orderitem", "pk": 16, "fields": {"order": 15, "artwork": 1, "lineitem_total": "1.00"}}, {"model": "profiles.userprofile", "pk": 1, "fields": {"user": 2, "default_phone_number": null, "default_country": null, "default_town_or_city": null, "default_street_address1": null, "default_street_address2": null, "default_postcode": null, "default_county": null}}, {"model": "profiles.userprofile", "pk": 2, "fields": {"user": 3, "default_phone_number": null, "default_country": null, "default_town_or_city": null, "default_street_address1": null, "default_street_address2": null, "default_postcode": null, "default_county": null}}, {"model": "profiles.userprofile", "pk": 3, "fields": {"user": 4, "default_phone_number": null, "default_country": null, "default_town_or_city": null, "default_street_address1": null, "default_street_address2": null, "default_postcode": null, "default_county": null}}]